{"cameraMode":{"drawMode":0,"name":"Shaded","section":"Shading Mode"},"sceneLighting":false,"audioPlay":false,"sceneViewState":{"m_AlwaysRefresh":false,"showFog":true,"showSkybox":false,"showFlares":true,"showImageEffects":true,"showParticleSystems":true,"showVisualEffectGraphs":true,"m_FxEnabled":true},"in2DMode":false,"pivot":{"x":-46.449954986572269,"y":21.620670318603517,"z":132.04376220703126},"rotation":{"x":0.2926476299762726,"y":0.0057372781448066238,"z":-0.0017559065017849208,"w":0.956201434135437},"size":61.072269439697269,"orthographic":true}