{"cameraMode":{"drawMode":0,"name":"Shaded","section":"Shading Mode"},"sceneLighting":true,"audioPlay":false,"sceneViewState":{"m_AlwaysRefresh":false,"showFog":true,"showSkybox":true,"showFlares":true,"showImageEffects":true,"showParticleSystems":true,"showVisualEffectGraphs":true,"m_FxEnabled":true},"in2DMode":false,"pivot":{"x":-43.88953399658203,"y":-13.543264389038086,"z":11.944900512695313},"rotation":{"x":-0.37324416637420657,"y":0.1279633790254593,"z":-0.052065156400203708,"w":-0.9174000024795532},"size":58.84131622314453,"orthographic":false}