{"cameraMode":{"drawMode":0,"name":"Shaded","section":"Shading Mode"},"sceneLighting":true,"audioPlay":false,"sceneViewState":{"m_AlwaysRefresh":false,"showFog":true,"showSkybox":true,"showFlares":true,"showImageEffects":true,"showParticleSystems":true,"showVisualEffectGraphs":true,"m_FxEnabled":true},"in2DMode":false,"pivot":{"x":16.065105438232423,"y":-121.46533966064453,"z":49.815284729003909},"rotation":{"x":-0.5886535048484802,"y":-0.22378353774547578,"z":0.17400024831295014,"w":-0.7570641040802002},"size":77.80192565917969,"orthographic":false}