{"cameraMode":{"drawMode":0,"name":"Shaded","section":"Shading Mode"},"sceneLighting":false,"audioPlay":false,"sceneViewState":{"m_AlwaysRefresh":false,"showFog":true,"showSkybox":false,"showFlares":true,"showImageEffects":true,"showParticleSystems":true,"showVisualEffectGraphs":true,"m_FxEnabled":true},"in2DMode":false,"pivot":{"x":-235.65548706054688,"y":10.660407066345215,"z":623.7999877929688},"rotation":{"x":0.2553457021713257,"y":-0.48918065428733828,"z":0.15219822525978089,"w":0.8200530409812927},"size":38.493900299072269,"orthographic":false}